model,class,TN,FP,FN,TP,support_pos,support_neg,recall,precision,f1,fpr,accuracy
cnn_transformer,NORM,1236,97,217,1679,1896,1333,0.885548523206751,0.9453828828828827,0.9144880174291938,0.072768192048012,0.9027562712914214
cnn_transformer,AFIB,3221,0,8,0,8,3221,0.0,0.0,0.0,0.0,0.997522452771756
cnn_transformer,PVC,2983,60,12,174,186,3043,0.935483870967742,0.7435897435897436,0.8285714285714285,0.019717384160368,0.9777020749458036
cnn_transformer,LVH,2049,822,32,326,358,2871,0.9106145251396648,0.28397212543554,0.4329349269588312,0.2863113897596656,0.7355218333849489
cnn_transformer,IMI,2476,404,42,307,349,2880,0.8796561604584527,0.4317862165963432,0.5792452830188679,0.1402777777777777,0.8618767420253949
cnn_transformer,ASMI,2266,580,8,375,383,2846,0.97911227154047,0.3926701570680628,0.5605381165919283,0.2037947997189037,0.8179002787240631
cnn_transformer,LAFB,2649,260,5,315,320,2909,0.984375,0.5478260869565217,0.7039106145251397,0.089377793056033,0.9179312480644164
cnn_transformer,IRBBB,2849,165,35,180,215,3014,0.8372093023255814,0.5217391304347826,0.6428571428571429,0.0547445255474452,0.938061319293899
resnet1d,NORM,1195,138,190,1706,1896,1333,0.8997890295358649,0.9251626898047722,0.9122994652406416,0.1035258814703675,0.8984205636419944
resnet1d,AFIB,3220,1,8,0,8,3221,0.0,0.0,0.0,0.0003104625892579,0.9972127593682256
resnet1d,PVC,2945,98,13,173,186,3043,0.9301075268817204,0.6383763837638377,0.7571115973741794,0.0322050607952678,0.965624032208114
resnet1d,LVH,2383,488,53,305,358,2871,0.8519553072625698,0.3846153846153846,0.5299739357080799,0.1699756182514803,0.8324558686899969
resnet1d,IMI,2332,548,26,323,349,2880,0.9255014326647564,0.3708381171067738,0.5295081967213116,0.1902777777777777,0.8222359863734903
resnet1d,ASMI,2303,543,7,376,383,2846,0.9817232375979112,0.4091403699673558,0.577572964669739,0.190794096978215,0.8296686280582224
resnet1d,LAFB,2445,464,4,316,320,2909,0.9875,0.4051282051282051,0.5745454545454545,0.1595049845307665,0.8550634871477237
resnet1d,IRBBB,2614,400,17,198,215,3014,0.9209302325581395,0.3311036789297659,0.4870848708487084,0.13271400132714,0.8708578507277795
transformer,NORM,950,383,86,1810,1896,1333,0.9546413502109704,0.8253533971728226,0.8853020298361458,0.2873218304576144,0.8547537937441932
transformer,AFIB,3221,0,8,0,8,3221,0.0,0.0,0.0,0.0,0.997522452771756
transformer,PVC,2236,807,35,151,186,3043,0.8118279569892473,0.1576200417536534,0.2639860139860139,0.2651988169569503,0.739238154227315
transformer,LVH,2450,421,86,272,358,2871,0.7597765363128491,0.3924963924963925,0.5176022835394862,0.1466388018112156,0.8429854444100341
transformer,IMI,2112,768,67,282,349,2880,0.8080229226361032,0.2685714285714285,0.4031451036454611,0.2666666666666666,0.7414060080520285
transformer,ASMI,2364,482,60,323,383,2846,0.8433420365535248,0.4012422360248447,0.5437710437710437,0.1693605059732958,0.8321461752864664
transformer,LAFB,2453,456,1,319,320,2909,0.996875,0.4116129032258064,0.582648401826484,0.1567548985905809,0.8584701145865593
transformer,IRBBB,2210,804,34,181,215,3014,0.8418604651162791,0.1837563451776649,0.3016666666666667,0.2667551426675514,0.7404769278414369
xlstm,NORM,1060,273,339,1557,1896,1333,0.8212025316455697,0.8508196721311475,0.8357487922705313,0.204801200300075,0.8104676370393311
xlstm,AFIB,3221,0,8,0,8,3221,0.0,0.0,0.0,0.0,0.997522452771756
xlstm,PVC,1865,1178,25,161,186,3043,0.8655913978494624,0.1202389843166542,0.2111475409836065,0.3871179756818929,0.6274388355528028
xlstm,LVH,1648,1223,84,274,358,2871,0.7653631284916201,0.1830327321309285,0.2954177897574124,0.4259839777081156,0.5952307215856302
xlstm,IMI,1740,1140,54,295,349,2880,0.8452722063037249,0.205574912891986,0.3307174887892377,0.3958333333333333,0.6302260761845773
xlstm,ASMI,1825,1021,34,349,383,2846,0.9112271540469974,0.2547445255474452,0.3981745579007416,0.3587491215741391,0.6732734592753175
xlstm,LAFB,1849,1060,5,315,320,2909,0.984375,0.2290909090909091,0.3716814159292035,0.3643863870745961,0.6701765252400124
xlstm,IRBBB,1605,1409,101,114,215,3014,0.5302325581395348,0.0748522652659225,0.1311852704257767,0.4674850696748507,0.5323629606689377
xresnet1d,NORM,1200,133,245,1651,1896,1333,0.8707805907172996,0.9254484304932736,0.8972826086956521,0.0997749437359339,0.8829358934654692
xresnet1d,AFIB,3221,0,8,0,8,3221,0.0,0.0,0.0,0.0,0.997522452771756
xresnet1d,PVC,2953,90,15,171,186,3043,0.9193548387096774,0.6551724137931034,0.7651006711409396,0.029576076240552,0.967482192629297
xresnet1d,LVH,2320,551,48,310,358,2871,0.8659217877094972,0.3600464576074332,0.5086136177194421,0.1919191919191919,0.8144936512852277
xresnet1d,IMI,2047,833,12,337,349,2880,0.9656160458452722,0.288034188034188,0.4437129690585912,0.2892361111111111,0.7383090740167234
xresnet1d,ASMI,2395,451,18,365,383,2846,0.9530026109660574,0.4473039215686274,0.6088407005838199,0.1584680252986648,0.8547537937441932
xresnet1d,LAFB,2552,357,3,317,320,2909,0.990625,0.4703264094955489,0.6378269617706237,0.1227225850807837,0.8885103747290183
xresnet1d,IRBBB,2558,456,14,201,215,3014,0.9348837209302324,0.3059360730593607,0.4610091743119266,0.1512939615129396,0.8544441003406628
